{
  "meta": {
    "domain": "http://ykob.github.io/sketch-threejs",
    "websiteName": "sketch of three.js",
    "keywords": "Yoichi Kobayashi, WebGL, three.js"
  },
  "pages": {
    "index": {
      "title": "",
      "id": "index",
      "description": "interactive sketches made with three.js. created by yoichi kobayashi.",
      "path": "/",
      "color": "white"
    },
    "webcam": {
      "title": "webcam",
      "id": "webcam",
      "description": "play an image from a webcam with a fragment shader.",
      "path": "/sketch/webcam.html",
      "posted": "2018.5.29",
      "update": "2018.6.9",
      "color": "black"
    },
    "fog": {
      "title": "fog",
      "id": "fog",
      "description": "make fog with one texture and Geometry instancing.",
      "path": "/sketch/fog.html",
      "posted": "2018.2.1",
      "update": "2018.2.4",
      "color": "white"
    },
    "nodeText": {
      "title": "node text",
      "id": "node_text",
      "description": "transform the node that is made with Points and Wireframe",
      "path": "/sketch/node_text.html",
      "posted": "2018.1.29",
      "update": "2018.2.1",
      "color": "white"
    },
    "repel": {
      "title": "repel",
      "id": "repel",
      "description": "Convert the mousemove position to the 3d scene position.",
      "path": "/sketch/repel.html",
      "posted": "2018.1.26",
      "update": "",
      "color": "black"
    },
    "flame": {
      "title": "flame",
      "id": "flame",
      "description": "draw a flame with the Simplex Noise and a cylinder geometry.",
      "path": "/sketch/flame.html",
      "posted": "2018.1.18",
      "update": "",
      "color": "white"
    },
    "cyberspace": {
      "title": "cyberspace",
      "id": "cyberspace",
      "description": "cyberspace made with various simple objects.",
      "path": "/sketch/cyberspace.html",
      "posted": "2018.1.1",
      "update": "2018.1.3",
      "color": "white"
    },
    "beam": {
      "title": "beam",
      "id": "beam",
      "description": "beam effect made with uv animation.",
      "path": "/sketch/beam.html",
      "posted": "2017.12.9",
      "update": "",
      "color": "white"
    },
    "blink": {
      "title": "blink",
      "id": "blink",
      "description": "scale points with simplex noise.",
      "path": "/sketch/blink.html",
      "posted": "2017.11.19",
      "update": "",
      "color": "black"
    },
    "transform": {
      "title": "transform",
      "id": "transform",
      "description": "transform 3d object from butterfly to image with easing function.",
      "path": "/sketch/transform.html",
      "posted": "2017.9.18",
      "update": "",
      "color": "black"
    },
    "egg": {
      "title": "egg",
      "id": "egg",
      "description": "drawing inside of egg with only fragment shader.",
      "path": "/sketch/egg.html",
      "posted": "2017.9.7",
      "update": "",
      "color": "black"
    },
    "butterfly": {
      "title": "butterfly",
      "id": "butterfly",
      "description": "express butterfly flapping with plane geometry and trigonometric function.",
      "path": "/sketch/butterfly.html",
      "posted": "2017.9.6",
      "update": "2017.9.18",
      "color": "black"
    },
    "puddle": {
      "title": "puddle",
      "id": "puddle",
      "description": "drawing puddle with fragment shader only.",
      "path": "/sketch/puddle.html",
      "posted": "2017.7.2",
      "update": "",
      "color": "black"
    },
    "reel": {
      "title": "reel",
      "id": "reel",
      "description": "pick instance objects and add hover effects.",
      "path": "/sketch/reel.html",
      "posted": "2017.5.28",
      "update": "2017.6.26",
      "color": "black"
    },
    "glitch": {
      "title": "glitch",
      "id": "glitch",
      "description": "study of some glitch effects.",
      "path": "/sketch/glitch.html",
      "posted": "2017.4.30",
      "update": "2017.5.1",
      "color": "white"
    },
    "instancing": {
      "title": "instancing",
      "id": "instancing",
      "description": "study of Instancing with three.js",
      "path": "/sketch/instancing.html",
      "posted": "2017.4.11",
      "update": "2017.4.18",
      "color": "white"
    },
    "particle": {
      "title": "particle",
      "id": "particle",
      "description": "random walk with Classic noise functions.",
      "path": "/sketch/particle.html",
      "posted": "2017.2.23",
      "update": "2017.4.22",
      "color": "white"
    },
    "attract": {
      "title": "attract",
      "id": "attract",
      "description": "perticle moving with gpgpu.",
      "path": "/sketch/attract.html",
      "posted": "2016.6.13",
      "update": "2017.2.23",
      "color": "white"
    },
    "hole": {
      "title": "hole",
      "id": "hole",
      "description": "study of Post Effect with THREE.WebGLRenderTarget.",
      "path": "/sketch/hole.html",
      "posted": "2016.5.10",
      "update": "2016.7.2",
      "color": "black"
    },
    "metalCube": {
      "title": "metal cube",
      "id": "metal_cube",
      "description": "study of raymarching with three.js.",
      "path": "/sketch/metal_cube.html",
      "posted": "2016.4.21",
      "update": "",
      "color": "black"
    },
    "distort": {
      "title": "distort",
      "id": "distort",
      "description": "distort the sphere with simplex noise.",
      "path": "/sketch/distort.html",
      "posted": "2016.2.23",
      "update": "2016.5.10",
      "color": "black"
    },
    "imageData": {
      "title": "image data",
      "id": "image_data",
      "description": "Points based CanvasRenderingContext2D.getImageData()",
      "path": "/sketch/image_data.html",
      "posted": "2015.12.9",
      "update": "2015.12.12",
      "color": "white"
    },
    "gallery": {
      "title": "gallery",
      "id": "gallery",
      "description": "image gallery on 3d. tested that picked object and moving camera.",
      "path": "/sketch/gallery.html",
      "posted": "2015.12.2",
      "update": "2015.12.9",
      "color": "white"
    },
    "comet": {
      "title": "comet",
      "id": "comet",
      "description": "camera to track the moving points.",
      "path": "/sketch/comet.html",
      "posted": "2015.11.24",
      "update": "2016.1.8",
      "color": "white"
    },
    "hyperSpace": {
      "title": "hyper space",
      "id": "hyper_space",
      "description": "add little change about camera angle and particle controles.",
      "path": "/sketch/hyper_space.html",
      "posted": "2015.11.12",
      "update": "",
      "color": "white"
    },
    "fireBall": {
      "title": "fire ball",
      "id": "fire_ball",
      "description": "test of simple physics and additive blending.",
      "path": "/sketch/fire_ball.html",
      "posted": "2015.11.12",
      "update": "",
      "color": "white"
    }
  }
}
